{
    "loss": 0.0442628487944603,
    "accuracy": 0.9901960492134094
}