{
    "loss": 13.820002555847168,
    "accuracy": 0.4313725531101227
}